Symbol,Date,Open,High,Low,Close,Volume
AABS,05-Jan-2015,155.25,155.25,154.00,155.00,5100
AABS,06-Jan-2015,157.50,162.75,155.50,162.43,2200
AABS,07-Jan-2015,168.00,170.55,168.00,170.55,3800
AABS,08-Jan-2015,178.99,179.07,178.99,179.07,6300
AABS,09-Jan-2015,188.02,188.02,179.05,188.02,5100
AABS,12-Jan-2015,197.42,197.42,197.42,197.42,6200
AABS,13-Jan-2015,207.29,207.29,207.29,207.29,8300
AABS,14-Jan-2015,217.65,217.65,205.90,206.04,6400
AABS,15-Jan-2015,197.00,202.85,195.74,197.48,17700
AABS,16-Jan-2015,198.89,207.00,198.00,200.91,5000
AABS,19-Jan-2015,210.70,210.70,192.00,198.50,6600
AABS,20-Jan-2015,191.02,200.00,189.00,200.00,4600
AABS,21-Jan-2015,200.99,201.00,200.50,200.75,1200
AABS,22-Jan-2015,192.01,192.01,181.22,181.23,1500
AABS,23-Jan-2015,181.00,190.00,181.00,190.00,600
AABS,26-Jan-2015,181.00,184.00,180.50,180.50,700
AABS,28-Jan-2015,175.00,189.52,171.48,185.06,5600
AABS,29-Jan-2015,185.00,185.00,176.01,177.00,700
AABS,30-Jan-2015,185.85,185.85,185.85,185.85,7200
AABS,02-Feb-2015,185.00,188.98,182.00,188.86,1500
AABS,03-Feb-2015,195.14,195.14,188.00,190.00,1200
AABS,04-Feb-2015,195.00,195.50,180.50,181.38,4100
AABS,06-Feb-2015,180.00,182.00,176.01,180.50,1575500
AABS,09-Feb-2015,180.50,180.50,180.50,180.50,100
AABS,10-Feb-2015,176.00,185.50,176.00,180.75,200
AABS,11-Feb-2015,181.00,181.00,181.00,181.00,200
AABS,12-Feb-2015,176.00,176.50,176.00,176.10,900
AABS,16-Feb-2015,176.10,176.10,176.10,176.10,100
AABS,18-Feb-2015,180.00,181.00,168.00,168.00,700
AABS,20-Feb-2015,176.40,176.40,176.40,176.40,500
AABS,23-Feb-2015,176.40,176.40,176.40,176.40,100
AABS,26-Feb-2015,175.00,180.00,175.00,177.50,200
AABS,09-Mar-2015,175.00,175.00,175.00,175.00,100
AABS,11-Mar-2015,175.00,175.00,168.00,171.50,200
AABS,12-Mar-2015,171.50,171.50,171.50,171.50,100
AABS,18-Mar-2015,163.00,163.00,163.00,163.00,200
AABS,24-Mar-2015,163.00,163.00,163.00,163.00,100
AABS,25-Mar-2015,171.00,171.00,171.00,171.00,720400
AABS,30-Mar-2015,162.45,162.45,162.45,162.45,300
AABS,31-Mar-2015,170.00,170.57,170.00,170.57,600
AABS,03-Apr-2015,162.05,162.05,162.05,162.05,500
AABS,07-Apr-2015,170.00,170.15,170.00,170.03,600
AABS,14-Apr-2015,177.00,177.00,177.00,177.00,200
AABS,21-Apr-2015,170.00,170.00,170.00,170.00,1400
AABS,28-Apr-2015,171.00,171.00,171.00,171.00,600
AABS,05-May-2015,162.45,162.45,162.45,162.45,200
AABS,28-May-2015,162.45,162.45,162.45,162.45,400
AABS,29-May-2015,160.50,160.50,160.50,160.50,200
AABS,01-Jun-2015,160.50,160.50,160.50,160.50,100
AABS,05-Jun-2015,163.00,163.00,163.00,163.00,600
AABS,08-Jun-2015,163.00,163.00,163.00,163.00,100
AABS,17-Jun-2015,163.00,163.00,163.00,163.00,100
AABS,09-Jul-2015,171.15,171.15,171.00,171.00,600
AABS,10-Jul-2015,175.00,179.55,175.00,178.78,300
AABS,14-Jul-2015,175.00,181.99,175.00,181.86,500
AABS,15-Jul-2015,175.00,175.00,175.00,175.00,500
AABS,16-Jul-2015,183.75,183.75,183.75,183.75,300
AABS,27-Jul-2015,185.00,185.00,185.00,185.00,400
AABS,30-Jul-2015,189.00,194.25,188.00,194.25,4800
AABS,31-Jul-2015,203.96,203.96,203.95,203.96,3800
AABS,03-Aug-2015,213.90,213.95,207.00,209.51,5700
AABS,04-Aug-2015,213.00,213.00,207.06,208.03,500
AABS,05-Aug-2015,209.00,209.10,205.11,206.81,2900
AABS,06-Aug-2015,201.00,201.00,196.50,196.50,7900
AABS,07-Aug-2015,198.00,199.00,198.00,198.59,500
AABS,10-Aug-2015,197.50,197.50,197.50,197.50,1000
AABS,11-Aug-2015,193.50,194.50,193.25,194.00,5000
AABS,13-Aug-2015,184.30,191.00,184.30,191.00,2500
AABS,17-Aug-2015,191.00,191.00,191.00,191.00,1000
AABS,18-Aug-2015,186.00,190.20,186.00,188.04,1000
AABS,20-Aug-2015,182.00,190.00,182.00,190.00,1000
AABS,24-Aug-2015,169.00,169.00,168.63,168.63,1600
AABS,25-Aug-2015,168.63,168.63,168.63,168.63,100
AABS,28-Aug-2015,160.51,160.51,160.50,160.51,200
AABS,31-Aug-2015,168.52,168.52,168.52,168.52,200
AABS,01-Sep-2015,170.76,175.00,170.76,174.00,4800
AABS,03-Sep-2015,170.00,170.00,170.00,170.00,200
AABS,04-Sep-2015,170.00,170.00,170.00,170.00,500
AABS,07-Sep-2015,162.10,162.10,161.50,161.79,1500
AABS,11-Sep-2015,154.00,154.00,153.90,153.90,500
AABS,18-Sep-2015,160.00,161.58,160.00,160.79,200
AABS,29-Sep-2015,160.79,160.79,160.79,160.79,100
AABS,07-Oct-2015,160.00,160.00,160.00,160.00,500
AABS,12-Oct-2015,158.00,158.00,158.00,158.00,101000
AABS,27-Oct-2015,154.01,154.01,154.00,154.00,400
AABS,28-Oct-2015,160.00,160.00,159.00,159.50,200
AABS,29-Oct-2015,159.50,159.50,159.50,159.50,100
AABS,02-Nov-2015,164.00,167.47,164.00,165.74,200
AABS,12-Nov-2015,163.00,174.02,163.00,174.02,800
AABS,13-Nov-2015,182.50,182.72,182.50,182.72,4000
AABS,16-Nov-2015,191.48,191.85,191.47,191.83,900
AABS,17-Nov-2015,193.10,193.10,192.00,192.25,2900
AABS,18-Nov-2015,190.00,190.00,185.00,187.50,200
AABS,19-Nov-2015,187.50,187.50,187.50,187.50,300
AABS,23-Nov-2015,181.50,191.89,181.50,186.70,200
AABS,24-Nov-2015,182.11,182.11,182.10,182.11,200
AABS,25-Nov-2015,182.11,182.11,182.11,182.11,100
AABS,26-Nov-2015,176.00,176.00,176.00,176.00,700
AABS,27-Nov-2015,180.00,180.00,180.00,180.00,200
AABS,01-Dec-2015,173.20,173.20,164.83,166.42,1000
AABS,02-Dec-2015,158.10,174.74,158.10,170.86,1200
AABS,03-Dec-2015,162.50,179.40,162.32,179.40,1500
AABS,04-Dec-2015,173.46,175.00,173.45,173.97,500
AABS,07-Dec-2015,182.00,182.66,181.99,182.00,700
AABS,11-Dec-2015,182.00,182.00,182.00,182.00,100
AABS,15-Dec-2015,182.00,182.00,182.00,182.00,100
AABS,22-Dec-2015,184.50,189.00,184.00,189.00,2900
AABS,28-Dec-2015,194.99,195.00,185.25,186.13,600
AABS,29-Dec-2015,187.15,195.43,185.00,195.43,7000
AABS,30-Dec-2015,191.00,205.00,190.55,204.17,3900
AABS,31-Dec-2015,195.01,214.37,195.01,209.89,4200
AABS,01-Jan-2016,210.00,210.00,202.01,203.51,400
AABS,04-Jan-2016,204.65,204.65,204.65,204.65,200
AABS,06-Jan-2016,196.10,196.10,196.05,196.07,1000
AABS,07-Jan-2016,204.55,205.80,202.70,205.80,2000
AABS,08-Jan-2016,206.00,206.00,206.00,206.00,300
AABS,14-Jan-2016,200.00,200.00,195.70,195.95,700
AABS,15-Jan-2016,195.00,195.00,193.00,194.00,200
AABS,18-Jan-2016,184.30,203.70,184.30,203.70,5800
AABS,26-Jan-2016,190.19,199.99,190.19,190.82,2500
AABS,27-Jan-2016,199.99,199.99,199.00,199.99,1700
AABS,28-Jan-2016,200.00,209.90,200.00,206.38,1400
AABS,29-Jan-2016,211.00,214.90,197.00,197.00,4400
AABS,01-Feb-2016,200.00,200.00,200.00,200.00,500
AABS,02-Feb-2016,210.00,210.00,210.00,210.00,1900
AABS,03-Feb-2016,204.03,204.03,202.00,202.00,400
AABS,04-Feb-2016,204.00,204.00,204.00,204.00,400
AABS,08-Feb-2016,197.01,197.01,197.01,197.01,400
AABS,12-Feb-2016,197.01,197.01,197.01,197.01,100
AABS,15-Feb-2016,199.00,203.00,199.00,201.00,200
AABS,16-Feb-2016,201.00,201.00,201.00,201.00,100
AABS,23-Feb-2016,188.00,205.80,188.00,205.80,2100
AABS,25-Feb-2016,195.51,195.51,195.51,195.51,300
AABS,26-Feb-2016,186.12,186.12,185.75,185.93,300
AABS,02-Mar-2016,177.00,195.22,176.70,195.22,1200
AABS,09-Mar-2016,195.22,195.22,195.22,195.22,100
AABS,14-Mar-2016,200.00,200.00,200.00,200.00,1500
AABS,15-Mar-2016,200.00,200.00,200.00,200.00,500
AABS,17-Mar-2016,203.00,203.00,203.00,203.00,600
AABS,18-Mar-2016,203.00,205.00,203.00,205.00,400
AABS,24-Mar-2016,200.00,200.00,200.00,200.00,500
AABS,30-Mar-2016,209.99,209.99,209.99,209.99,3200
AABS,31-Mar-2016,213.50,213.99,213.00,213.50,400
AABS,01-Apr-2016,213.50,213.50,213.50,213.50,100
AABS,04-Apr-2016,205.00,211.64,205.00,211.64,100
AABS,18-Apr-2016,202.00,202.00,202.00,202.00,600
AABS,04-May-2016,202.00,202.00,202.00,202.00,100
AABS,11-May-2016,210.50,210.90,210.50,210.58,500
AABS,19-May-2016,207.00,207.00,207.00,207.00,500
AABS,23-May-2016,207.00,215.00,207.00,214.50,2300
AABS,25-May-2016,204.00,214.00,203.78,210.00,1600
AABS,26-May-2016,210.00,210.00,204.00,208.80,500
AABS,02-Jun-2016,200.00,200.00,200.00,200.00,100
AABS,15-Jun-2016,208.90,208.90,208.90,208.90,200
AABS,16-Jun-2016,208.90,208.90,208.90,208.90,100
AABS,17-Jun-2016,213.00,219.34,213.00,219.34,600
AABS,20-Jun-2016,219.34,219.34,219.34,219.34,100
AABS,21-Jun-2016,219.34,219.34,219.34,219.34,100
AABS,22-Jun-2016,216.00,230.00,216.00,230.00,1100
AABS,24-Jun-2016,230.00,241.50,230.00,241.50,700
AABS,27-Jun-2016,235.00,253.57,235.00,250.92,700
AABS,28-Jun-2016,250.00,260.00,240.00,254.50,400
AABS,29-Jun-2016,241.80,267.20,241.80,255.32,9500
AABS,30-Jun-2016,242.56,268.00,242.56,268.00,700
AABS,12-Jul-2016,254.60,279.99,254.60,279.99,200
AABS,13-Jul-2016,266.00,266.00,266.00,266.00,100
AABS,18-Jul-2016,260.00,275.00,252.70,275.00,800
AABS,22-Jul-2016,264.00,264.00,263.00,263.50,200
AABS,27-Jul-2016,255.00,255.00,255.00,255.00,100
AABS,28-Jul-2016,250.00,255.00,250.00,255.00,500
AABS,29-Jul-2016,255.00,255.00,255.00,255.00,200
AABS,03-Aug-2016,260.00,260.00,260.00,260.00,1100
AABS,04-Aug-2016,260.00,268.00,259.90,268.00,700
AABS,05-Aug-2016,258.05,258.05,258.00,258.00,500
AABS,09-Aug-2016,270.90,270.90,270.90,270.90,200
AABS,29-Aug-2016,247.86,260.00,247.86,260.00,300
AABS,30-Aug-2016,270.00,270.00,270.00,270.00,100
AABS,02-Sep-2016,256.50,256.50,256.50,256.50,100
AABS,23-Sep-2016,269.32,269.32,269.32,269.32,100
AABS,05-Oct-2016,256.00,282.50,256.00,282.50,2500
AABS,07-Oct-2016,290.00,290.00,290.00,290.00,500
AABS,17-Oct-2016,290.00,300.00,290.00,300.00,1100
AABS,18-Oct-2016,300.00,300.00,300.00,300.00,700
AABS,19-Oct-2016,313.00,313.00,313.00,313.00,700
AABS,20-Oct-2016,300.00,300.00,298.00,300.00,1900
AABS,01-Nov-2016,280.27,280.27,280.27,280.27,600
AABS,02-Nov-2016,294.28,294.28,294.28,294.28,600
AABS,03-Nov-2016,308.99,308.99,279.57,279.57,200
AABS,04-Nov-2016,265.60,265.60,265.60,265.60,100
AABS,08-Nov-2016,270.50,270.50,270.50,270.50,100
AABS,09-Nov-2016,284.00,284.02,284.00,284.02,400
AABS,10-Nov-2016,298.22,298.22,298.22,298.22,100
AABS,11-Nov-2016,305.60,313.13,305.60,313.00,1100
AABS,14-Nov-2016,315.00,315.00,313.00,313.00,400
AABS,15-Nov-2016,297.35,297.35,297.35,297.35,200
AABS,16-Nov-2016,285.00,285.00,285.00,285.00,300
AABS,17-Nov-2016,290.00,297.25,270.85,276.03,1100
AABS,24-Nov-2016,285.00,289.83,280.00,289.83,800
AABS,25-Nov-2016,275.34,275.34,275.34,275.34,800
AABS,29-Nov-2016,288.00,288.00,288.00,288.00,500
AABS,30-Nov-2016,290.00,290.00,285.00,285.00,300
AABS,08-Dec-2016,271.00,271.00,271.00,271.00,100
AABS,14-Dec-2016,270.00,270.00,270.00,270.00,200
AABS,22-Dec-2016,280.00,280.00,280.00,280.00,100
AABS,26-Dec-2016,281.00,281.00,280.00,280.34,300
AABS,27-Dec-2016,294.35,294.35,294.35,294.35,500
AABS,28-Dec-2016,304.00,309.06,304.00,309.06,1300
AABS,29-Dec-2016,318.99,320.00,317.00,319.00,1900
AABS,30-Dec-2016,313.01,329.00,313.00,329.00,1700
AABS,02-Jan-2017,338.88,338.88,331.00,331.00,300
AABS,03-Jan-2017,314.46,314.46,314.45,314.45,200
AABS,04-Jan-2017,298.76,300.00,298.73,298.73,700
AABS,05-Jan-2017,284.01,284.01,283.80,283.80,300
AABS,06-Jan-2017,269.61,269.62,269.61,269.61,700
AABS,09-Jan-2017,270.00,270.00,262.00,264.40,2900
AABS,10-Jan-2017,270.00,270.00,266.01,266.01,300
AABS,12-Jan-2017,277.00,277.00,277.00,277.00,300
AABS,16-Jan-2017,276.00,276.00,276.00,276.00,100
AABS,17-Jan-2017,271.01,271.01,270.00,270.50,500
AABS,19-Jan-2017,270.00,270.00,270.00,270.00,100
AABS,23-Jan-2017,270.00,281.00,270.00,281.00,2100
AABS,26-Jan-2017,292.00,292.00,285.00,285.00,1000
AABS,27-Jan-2017,275.00,275.00,275.00,275.00,800
AABS,01-Feb-2017,275.00,275.00,275.00,275.00,200
AABS,02-Feb-2017,276.00,276.00,276.00,276.00,500
AABS,03-Feb-2017,277.00,277.00,277.00,277.00,100
AABS,06-Feb-2017,277.00,277.00,277.00,277.00,200
AABS,07-Feb-2017,268.00,268.00,268.00,268.00,100
AABS,09-Feb-2017,265.00,265.00,265.00,265.00,200
AABS,15-Feb-2017,274.00,274.00,274.00,274.00,100
AABS,20-Feb-2017,274.89,275.00,274.89,275.00,200
AABS,21-Feb-2017,261.25,261.25,261.25,261.25,300
AABS,22-Feb-2017,265.00,265.00,262.00,262.00,300
AABS,28-Feb-2017,262.00,262.00,262.00,262.00,100
AABS,01-Mar-2017,250.00,250.00,250.00,250.00,100
AABS,08-Mar-2017,249.00,250.00,249.00,250.00,500
AABS,10-Mar-2017,241.00,241.00,241.00,241.00,500
AABS,13-Mar-2017,241.00,241.00,241.00,241.00,100
AABS,14-Mar-2017,240.00,240.00,240.00,240.00,3100
AABS,15-Mar-2017,239.99,240.00,239.99,240.00,2800
AABS,16-Mar-2017,240.00,240.00,240.00,240.00,500
AABS,22-Mar-2017,239.00,239.00,235.00,235.00,300
AABS,10-Apr-2017,236.00,236.00,236.00,236.00,100
AABS,24-Apr-2017,231.00,245.00,230.00,244.00,1500
AABS,27-Apr-2017,232.00,232.00,232.00,232.00,600
AABS,05-May-2017,232.00,232.00,232.00,232.00,100
AABS,08-May-2017,228.00,240.00,228.00,240.00,1200
AABS,11-May-2017,240.00,240.00,240.00,240.00,100
AABS,12-May-2017,246.00,246.00,246.00,246.00,200
AABS,15-May-2017,233.70,233.70,233.70,233.70,3100
AABS,16-May-2017,232.10,245.00,232.00,238.57,8000
AABS,17-May-2017,249.00,250.00,235.00,235.03,7600
AABS,18-May-2017,235.03,235.03,235.03,235.03,600
AABS,23-May-2017,235.00,235.00,223.25,224.76,5900
AABS,24-May-2017,223.00,223.00,223.00,223.00,500
AABS,29-May-2017,223.00,223.00,223.00,223.00,100
AABS,31-May-2017,223.00,229.90,223.00,226.45,200
AABS,06-Jun-2017,218.00,218.00,215.13,216.65,500
AABS,07-Jun-2017,212.25,212.25,212.00,212.13,200
AABS,12-Jun-2017,202.00,202.00,202.00,202.00,400
AABS,13-Jun-2017,196.00,208.00,195.00,198.25,900
AABS,15-Jun-2017,198.25,198.25,198.25,198.25,100
AABS,20-Jun-2017,195.05,195.05,195.05,195.05,400
AABS,21-Jun-2017,195.05,195.05,195.05,195.05,200
AABS,30-Jun-2017,195.05,195.05,195.05,195.05,100
AABS,11-Jul-2017,204.90,204.90,204.90,204.90,500
AABS,27-Jul-2017,204.90,204.90,204.90,204.90,100
AABS,28-Jul-2017,194.66,194.66,194.66,194.66,200
AABS,07-Aug-2017,190.00,190.00,190.00,190.00,300
AABS,10-Aug-2017,195.00,195.00,185.00,190.00,400
AABS,20-Sep-2017,185.00,185.00,181.00,182.00,300
AABS,21-Sep-2017,173.00,173.01,172.91,172.99,1300
AABS,22-Sep-2017,170.00,180.00,164.66,171.30,2400
AABS,25-Sep-2017,170.00,179.00,168.00,168.28,6300
AABS,26-Sep-2017,170.00,176.00,168.00,168.38,5200
AABS,28-Sep-2017,166.51,166.51,166.00,166.34,300
AABS,02-Oct-2017,164.00,164.00,159.00,161.67,400
AABS,05-Oct-2017,165.00,165.00,165.00,165.00,200
AABS,06-Oct-2017,160.00,160.00,156.75,156.77,1400
AABS,10-Oct-2017,156.77,156.77,156.77,156.77,100
AABS,13-Oct-2017,141.50,141.51,141.50,141.50,1700
AABS,16-Oct-2017,135.05,148.50,135.00,141.75,800
AABS,17-Oct-2017,141.75,141.75,141.75,141.75,100
AABS,30-Oct-2017,141.75,141.75,141.75,141.75,100
AABS,01-Nov-2017,140.00,140.00,140.00,140.00,1000
AABS,02-Nov-2017,140.00,140.50,134.00,134.00,3300
AABS,07-Nov-2017,128.25,131.25,128.25,131.25,900
AABS,08-Nov-2017,131.25,131.25,131.25,131.25,100
AABS,09-Nov-2017,137.81,137.81,131.00,137.81,1900
AABS,10-Nov-2017,144.70,144.70,144.70,144.70,1000
AABS,13-Nov-2017,151.92,151.92,151.92,151.92,200
AABS,14-Nov-2017,158.99,158.99,144.33,144.33,1100
AABS,15-Nov-2017,150.99,151.00,137.12,138.82,3000
AABS,16-Nov-2017,145.75,145.76,140.02,145.73,700
AABS,17-Nov-2017,138.45,152.98,138.45,145.84,300
AABS,20-Nov-2017,152.98,152.98,143.00,147.99,200
AABS,23-Nov-2017,154.95,154.95,145.01,149.80,400
AABS,24-Nov-2017,155.00,156.90,155.00,155.32,700
AABS,27-Nov-2017,160.00,160.00,160.00,160.00,400
AABS,28-Nov-2017,152.26,154.99,152.25,153.62,300
AABS,29-Nov-2017,150.00,150.00,146.00,146.01,1300
AABS,30-Nov-2017,139.00,139.01,139.00,139.01,200
AABS,04-Dec-2017,139.01,139.01,139.01,139.01,100
AABS,06-Dec-2017,145.95,145.96,140.00,140.54,1300
AABS,07-Dec-2017,140.56,140.56,139.99,140.00,900
AABS,08-Dec-2017,133.05,133.05,133.05,133.05,200
AABS,11-Dec-2017,133.05,133.05,133.05,133.05,100
AABS,12-Dec-2017,133.05,133.05,133.05,133.05,200
AABS,14-Dec-2017,127.00,127.01,127.00,127.01,200
AABS,21-Dec-2017,133.36,133.36,132.90,132.90,300
AABS,22-Dec-2017,139.54,139.54,127.02,139.47,500
AABS,26-Dec-2017,134.01,134.01,132.50,132.55,1000
AABS,27-Dec-2017,128.01,128.01,125.93,126.47,1200
AABS,28-Dec-2017,132.49,132.49,124.02,126.84,300
AABS,29-Dec-2017,126.84,126.84,126.84,126.84,200
AABS,02-Jan-2018,120.50,133.18,120.50,133.18,900
AABS,03-Jan-2018,128.01,139.83,128.01,139.83,8200
AABS,04-Jan-2018,146.78,146.78,140.01,146.73,1000
AABS,05-Jan-2018,153.83,153.83,142.50,143.99,2000
AABS,08-Jan-2018,149.86,149.86,140.00,140.00,2700
AABS,09-Jan-2018,146.87,146.87,140.00,144.88,600
AABS,10-Jan-2018,152.07,152.07,137.64,138.05,13000
AABS,11-Jan-2018,132.02,132.02,132.02,132.02,200
AABS,12-Jan-2018,126.01,138.00,126.01,136.01,5800
AABS,15-Jan-2018,135.50,141.99,135.50,138.50,1100
AABS,16-Jan-2018,138.01,140.97,138.01,139.39,1000
AABS,17-Jan-2018,133.00,139.29,128.05,130.07,3100
AABS,18-Jan-2018,130.00,136.57,130.00,134.81,8500
AABS,19-Jan-2018,139.75,141.55,139.75,141.55,4600
AABS,22-Jan-2018,143.00,148.62,143.00,147.71,4800
AABS,23-Jan-2018,155.08,155.09,143.10,155.00,3700
AABS,24-Jan-2018,162.75,162.75,150.00,150.05,4800
AABS,25-Jan-2018,154.99,154.99,149.00,151.01,13300
AABS,26-Jan-2018,150.00,158.56,150.00,157.44,11000
AABS,29-Jan-2018,156.01,157.00,156.01,156.67,600
AABS,30-Jan-2018,150.01,151.25,150.01,151.23,800
AABS,31-Jan-2018,146.01,156.99,146.01,156.90,5900
AABS,01-Feb-2018,160.68,161.00,158.99,160.74,6700
AABS,02-Feb-2018,166.95,168.77,156.03,168.50,11700
AABS,06-Feb-2018,174.99,176.92,174.90,175.35,10200
AABS,07-Feb-2018,181.98,181.98,167.00,169.99,1700
AABS,08-Feb-2018,174.99,174.99,170.00,170.00,10800
AABS,09-Feb-2018,172.00,172.10,172.00,172.10,1000
AABS,12-Feb-2018,164.00,170.98,164.00,169.54,3100
AABS,13-Feb-2018,170.01,174.99,170.00,171.80,5600
AABS,14-Feb-2018,172.01,174.98,172.00,174.98,5200
AABS,15-Feb-2018,183.59,183.59,175.00,179.98,10400
AABS,16-Feb-2018,180.00,187.99,180.00,187.99,600
AABS,19-Feb-2018,197.35,197.35,178.61,184.88,1400
AABS,20-Feb-2018,188.99,188.99,176.00,183.19,700
AABS,21-Feb-2018,188.89,188.89,183.00,183.00,700
AABS,22-Feb-2018,188.98,188.98,188.98,188.98,200
AABS,28-Feb-2018,187.45,187.45,170.57,179.98,10800
AABS,01-Mar-2018,186.99,186.99,186.99,186.99,200
AABS,02-Mar-2018,194.98,194.98,194.98,194.98,200
AABS,05-Mar-2018,199.78,199.78,185.24,185.77,2400
AABS,06-Mar-2018,176.49,193.00,176.49,178.02,1700
AABS,07-Mar-2018,172.01,172.01,172.01,172.01,200
AABS,08-Mar-2018,176.00,180.00,170.01,179.99,13000
AABS,09-Mar-2018,188.97,188.97,188.97,188.97,200
AABS,12-Mar-2018,195.97,195.97,190.00,191.25,400
AABS,13-Mar-2018,191.25,191.25,191.25,191.25,100
AABS,14-Mar-2018,193.99,193.99,181.70,189.89,500
AABS,19-Mar-2018,191.99,191.99,191.99,191.99,200
AABS,20-Mar-2018,195.99,195.99,182.40,193.56,10400
AABS,21-Mar-2018,190.00,190.00,190.00,190.00,10000
AABS,22-Mar-2018,183.01,183.01,183.01,183.01,200
AABS,26-Mar-2018,174.01,185.00,174.01,177.67,300
AABS,27-Mar-2018,169.06,169.06,169.06,169.06,200
AABS,28-Mar-2018,162.00,177.51,162.00,177.51,4300
AABS,29-Mar-2018,185.99,185.99,185.99,185.99,200
AABS,02-Apr-2018,189.98,193.99,180.01,180.01,8400
AABS,03-Apr-2018,175.01,175.01,175.01,175.01,200
AABS,04-Apr-2018,166.50,175.98,166.50,175.49,1000
AABS,05-Apr-2018,177.00,177.00,176.01,176.86,3500
AABS,06-Apr-2018,185.69,185.69,175.00,182.13,300
AABS,09-Apr-2018,185.99,185.99,185.99,185.99,200
AABS,10-Apr-2018,188.99,188.99,188.99,188.99,200
AABS,12-Apr-2018,197.04,197.04,197.04,197.04,200
AABS,23-Apr-2018,187.19,206.87,187.19,192.01,16800
AABS,24-Apr-2018,187.01,188.50,187.01,187.51,300
AABS,25-Apr-2018,190.00,192.00,188.50,188.62,5200
AABS,26-Apr-2018,180.00,180.00,180.00,180.00,200
AABS,27-Apr-2018,189.00,189.00,187.00,189.00,26300
AABS,30-Apr-2018,189.00,189.00,189.00,189.00,2100
AABS,04-May-2018,186.00,186.00,185.00,185.50,10100
AABS,07-May-2018,191.99,191.99,191.99,191.99,500
AABS,08-May-2018,192.00,201.00,182.50,189.99,1100
AABS,09-May-2018,197.99,197.99,180.50,185.00,5700
AABS,10-May-2018,188.99,190.00,188.99,190.00,1000
AABS,11-May-2018,194.00,199.50,194.00,195.81,3100
AABS,14-May-2018,201.00,205.00,190.00,195.55,2000
AABS,15-May-2018,190.00,205.32,190.00,201.00,1200
AABS,16-May-2018,195.00,195.00,193.50,194.25,200
AABS,17-May-2018,202.00,202.00,201.90,201.95,200
AABS,18-May-2018,201.95,201.95,201.95,201.95,100
AABS,21-May-2018,211.00,211.00,200.00,201.80,600
AABS,23-May-2018,209.99,209.99,205.00,205.00,1200
AABS,24-May-2018,205.00,205.00,205.00,205.00,100
AABS,25-May-2018,214.50,214.99,200.00,200.10,600
AABS,28-May-2018,204.99,204.99,204.99,204.99,500
AABS,29-May-2018,210.00,210.00,200.00,200.00,400
AABS,30-May-2018,205.00,205.00,190.00,190.00,2800
AABS,31-May-2018,185.00,192.99,180.50,191.99,3800
AABS,01-Jun-2018,193.00,193.00,183.00,189.93,2400
AABS,04-Jun-2018,196.50,196.50,196.50,196.50,200
AABS,05-Jun-2018,197.90,197.90,197.90,197.90,200
AABS,06-Jun-2018,199.00,199.00,188.01,194.94,1100
AABS,07-Jun-2018,186.00,189.99,186.00,187.14,700
AABS,11-Jun-2018,178.01,193.00,178.01,193.00,400
AABS,12-Jun-2018,183.36,195.00,183.36,195.00,400
AABS,14-Jun-2018,183.00,183.00,182.01,182.51,200
AABS,19-Jun-2018,188.50,188.50,174.00,175.33,3700
AABS,20-Jun-2018,180.99,180.99,180.99,180.99,200
AABS,21-Jun-2018,175.00,181.99,175.00,177.83,800
AABS,22-Jun-2018,169.00,185.90,169.00,185.85,2200
AABS,25-Jun-2018,176.56,189.95,176.56,188.34,1800
AABS,26-Jun-2018,192.50,192.50,192.49,192.50,1000
AABS,27-Jun-2018,196.90,196.90,196.80,196.85,1000
AABS,28-Jun-2018,196.85,196.85,196.85,196.85,200
AABS,29-Jun-2018,196.85,196.85,196.85,196.85,100
AABS,02-Jul-2018,187.05,192.49,187.05,192.49,600
AABS,03-Jul-2018,186.00,198.00,185.00,198.00,2900
AABS,05-Jul-2018,198.00,198.00,195.00,197.95,6600
AABS,12-Jul-2018,202.50,202.50,192.00,194.99,800
AABS,13-Jul-2018,190.00,198.50,185.25,185.25,4900
AABS,16-Jul-2018,189.99,189.99,189.99,189.99,1000
AABS,17-Jul-2018,198.80,198.90,180.50,193.64,6100
AABS,18-Jul-2018,184.00,187.99,183.96,187.95,12700
AABS,19-Jul-2018,187.95,187.99,187.95,187.97,1000
AABS,20-Jul-2018,180.00,193.49,178.58,183.89,7000
AABS,24-Jul-2018,189.99,189.99,175.00,180.34,2200
AABS,26-Jul-2018,184.99,184.99,184.99,184.99,200
AABS,27-Jul-2018,186.99,194.23,177.00,190.00,29200
AABS,30-Jul-2018,197.00,199.50,197.00,199.33,10500
AABS,31-Jul-2018,195.00,195.00,189.37,193.98,4100
AABS,01-Aug-2018,200.98,200.98,192.50,194.85,1200
AABS,02-Aug-2018,199.98,199.98,185.15,192.99,2400
AABS,03-Aug-2018,197.94,199.99,197.94,199.99,400
AABS,07-Aug-2018,190.01,194.97,190.00,193.95,1200
AABS,08-Aug-2018,202.99,202.99,202.99,202.99,200
AABS,09-Aug-2018,212.90,212.90,192.85,192.85,1500
AABS,10-Aug-2018,201.99,201.99,198.00,199.99,500
AABS,13-Aug-2018,194.99,195.00,194.99,195.00,1900
AABS,17-Aug-2018,193.90,193.90,193.00,193.86,2300
AABS,20-Aug-2018,184.17,189.95,184.17,189.93,700
AABS,24-Aug-2018,198.90,198.99,198.90,198.99,400
AABS,27-Aug-2018,207.99,207.99,207.99,207.99,200
AABS,29-Aug-2018,214.99,214.99,197.60,197.60,1300
AABS,30-Aug-2018,187.72,187.72,187.72,187.72,1100
AABS,31-Aug-2018,178.35,193.99,178.35,192.87,1000
AABS,03-Sep-2018,187.00,187.00,187.00,187.00,200
AABS,05-Sep-2018,180.01,188.94,180.01,188.90,500
AABS,07-Sep-2018,198.25,198.30,198.25,198.30,400
AABS,10-Sep-2018,188.39,208.21,188.39,200.85,1000
AABS,11-Sep-2018,190.81,190.81,190.81,190.81,500
AABS,14-Sep-2018,181.27,188.99,181.27,185.13,200
AABS,17-Sep-2018,189.90,189.98,189.90,189.94,1000
AABS,18-Sep-2018,197.90,197.99,197.90,197.95,200
AABS,24-Sep-2018,197.95,197.95,197.95,197.95,100
AABS,26-Sep-2018,207.75,207.84,207.75,207.80,200
AABS,02-Oct-2018,217.00,217.50,217.00,217.25,200
AABS,05-Oct-2018,217.25,217.25,217.25,217.25,300
AABS,08-Oct-2018,206.39,206.39,206.39,206.39,5000
AABS,09-Oct-2018,196.10,196.10,196.08,196.09,3200
AABS,10-Oct-2018,190.00,195.99,190.00,195.99,400
AABS,11-Oct-2018,199.90,199.98,199.90,199.94,200
AABS,18-Oct-2018,190.00,197.99,190.00,197.99,600
AABS,19-Oct-2018,207.80,207.85,207.80,207.83,200
AABS,24-Oct-2018,217.30,217.39,197.44,207.44,1600
AABS,26-Oct-2018,204.81,204.81,204.81,204.81,100
AABS,29-Oct-2018,211.00,211.00,194.58,195.07,2000
AABS,30-Oct-2018,194.00,194.00,194.00,194.00,1500
AABS,05-Nov-2018,199.90,199.98,199.90,199.94,200
AABS,06-Nov-2018,190.00,194.99,189.95,194.99,500
AABS,08-Nov-2018,204.73,204.73,194.00,194.50,400
AABS,13-Nov-2018,194.50,194.50,194.50,194.50,100
AABS,14-Nov-2018,186.00,196.90,185.01,193.14,1700
AABS,15-Nov-2018,196.75,196.75,196.75,196.75,200
AABS,22-Nov-2018,206.30,206.30,206.30,206.30,200
AABS,26-Nov-2018,214.72,214.72,194.28,194.28,1100
AABS,27-Nov-2018,196.90,196.90,196.89,196.90,200
AABS,28-Nov-2018,195.00,197.99,195.00,197.99,300
AABS,03-Dec-2018,207.00,207.00,194.90,194.90,500
AABS,04-Dec-2018,199.00,200.50,199.00,200.49,3000
AABS,05-Dec-2018,199.00,201.00,199.00,200.92,3500
AABS,07-Dec-2018,198.75,201.00,198.00,200.50,400
AABS,10-Dec-2018,201.00,201.00,194.00,198.50,700
AABS,11-Dec-2018,201.00,205.00,195.01,200.94,13000
AABS,12-Dec-2018,198.00,200.00,198.00,200.00,1600
AABS,13-Dec-2018,202.90,202.90,202.80,202.85,400
AABS,14-Dec-2018,202.00,212.99,200.00,206.57,6300
AABS,17-Dec-2018,215.00,216.00,206.11,215.95,3800
AABS,18-Dec-2018,226.00,226.00,210.10,217.00,2200
AABS,19-Dec-2018,215.00,220.00,211.00,211.98,800
AABS,20-Dec-2018,201.50,222.57,201.50,222.57,8500
AABS,21-Dec-2018,233.69,233.69,233.69,233.69,3100
AABS,24-Dec-2018,245.37,245.37,245.37,245.37,9400
AABS,26-Dec-2018,257.63,257.63,257.63,257.63,3300
AABS,27-Dec-2018,270.51,270.51,270.51,270.51,3300
AABS,28-Dec-2018,284.03,284.03,269.01,279.44,38400
AABS,31-Dec-2018,286.00,286.44,270.00,280.10,16000
AABS,01-Jan-2019,280.10,282.49,273.55,275.00,44400
AABS,02-Jan-2019,270.60,275.00,267.00,269.08,4400
AABS,03-Jan-2019,270.00,270.00,255.63,255.63,11300
AABS,04-Jan-2019,253.99,264.90,247.00,248.65,3600
AABS,07-Jan-2019,256.80,260.00,256.80,259.99,2500
AABS,08-Jan-2019,264.99,265.00,255.00,260.33,5400
AABS,09-Jan-2019,261.00,261.00,255.50,259.89,1500
AABS,10-Jan-2019,247.05,255.00,247.05,248.35,31300
AABS,11-Jan-2019,249.00,260.00,249.00,257.00,3900
AABS,14-Jan-2019,259.99,265.00,259.99,264.52,7400
AABS,15-Jan-2019,269.00,272.00,265.50,271.00,5000
AABS,16-Jan-2019,270.00,275.00,260.00,263.84,7100
AABS,17-Jan-2019,204.01,207.00,203.16,204.50,6400
AABS,18-Jan-2019,205.00,205.00,205.00,205.00,400
AABS,21-Jan-2019,200.01,205.00,200.01,202.00,1900
AABS,22-Jan-2019,200.10,200.10,200.00,200.00,2000
AABS,23-Jan-2019,200.00,200.00,200.00,200.00,100
AABS,24-Jan-2019,193.06,195.00,193.06,195.00,400
AABS,25-Jan-2019,193.02,204.40,193.02,201.61,3400
AABS,28-Jan-2019,209.99,211.69,194.25,195.86,6200
AABS,29-Jan-2019,192.51,192.60,186.10,187.31,12100
AABS,30-Jan-2019,185.05,191.20,185.05,191.19,2000
AABS,31-Jan-2019,194.99,194.99,185.68,190.04,1300
AABS,01-Feb-2019,194.98,194.98,182.20,186.02,1600
AABS,04-Feb-2019,183.05,190.00,183.05,188.01,1000
AABS,06-Feb-2019,195.89,195.89,184.00,184.81,4600
AABS,07-Feb-2019,185.00,185.00,184.00,184.58,3200
AABS,08-Feb-2019,183.00,184.98,183.00,184.49,400
AABS,11-Feb-2019,184.99,184.99,182.52,183.76,200
AABS,12-Feb-2019,180.00,184.89,180.00,184.88,500
AABS,13-Feb-2019,186.50,186.50,180.00,180.00,5300
AABS,14-Feb-2019,185.89,185.89,177.25,177.81,1800
AABS,15-Feb-2019,175.02,175.02,175.00,175.00,1300
AABS,18-Feb-2019,173.03,179.97,173.03,174.80,700
AABS,19-Feb-2019,174.01,177.48,174.01,176.22,800
AABS,20-Feb-2019,170.05,185.03,170.05,183.52,3300
AABS,21-Feb-2019,178.20,192.44,178.20,192.44,900
AABS,22-Feb-2019,189.20,198.90,188.01,190.00,1700
AABS,25-Feb-2019,186.00,188.98,182.01,185.50,900
AABS,26-Feb-2019,182.00,187.98,182.00,182.75,800
AABS,27-Feb-2019,176.00,181.99,174.52,181.99,5000
AABS,28-Feb-2019,174.00,189.00,174.00,184.00,500
AABS,01-Mar-2019,185.00,187.97,184.00,187.97,700
AABS,04-Mar-2019,187.05,193.99,187.05,193.99,400
AABS,05-Mar-2019,185.00,189.74,185.00,189.74,700
AABS,06-Mar-2019,181.10,197.95,181.10,191.98,1400
AABS,07-Mar-2019,186.00,189.48,185.02,189.48,900
AABS,08-Mar-2019,185.02,190.45,185.01,190.45,600
AABS,11-Mar-2019,193.00,193.00,183.00,187.00,900
AABS,12-Mar-2019,185.00,187.89,184.99,185.00,1100
AABS,13-Mar-2019,187.62,187.62,186.00,186.81,200
AABS,14-Mar-2019,180.10,186.48,180.10,185.64,600
AABS,15-Mar-2019,183.00,183.50,182.50,182.83,600
AABS,18-Mar-2019,180.06,185.94,180.00,184.02,1100
AABS,19-Mar-2019,180.60,192.15,180.60,182.03,1100
AABS,20-Mar-2019,174.10,189.90,174.10,185.24,1700
AABS,21-Mar-2019,185.00,187.95,180.15,187.95,600
AABS,22-Mar-2019,182.00,188.99,182.00,187.00,1800
AABS,25-Mar-2019,185.00,191.98,185.00,187.01,3000
AABS,26-Mar-2019,187.10,187.11,187.10,187.11,200
AABS,27-Mar-2019,187.50,192.99,187.50,188.61,1700
AABS,28-Mar-2019,185.10,190.00,185.10,189.95,700
AABS,29-Mar-2019,182.60,195.90,182.60,195.90,500
AABS,01-Apr-2019,190.11,195.87,190.11,195.87,400
AABS,02-Apr-2019,190.15,190.15,188.00,188.77,2500
AABS,03-Apr-2019,189.01,194.49,186.05,190.99,2600
AABS,04-Apr-2019,195.00,195.00,183.00,188.50,2500
AABS,05-Apr-2019,190.00,191.50,187.00,189.25,300
AABS,08-Apr-2019,183.20,194.98,183.20,192.99,500
AABS,09-Apr-2019,186.00,190.98,186.00,190.49,800
AABS,10-Apr-2019,189.00,191.98,189.00,189.76,800
AABS,11-Apr-2019,186.81,191.50,186.72,190.00,1700
AABS,12-Apr-2019,190.00,198.95,190.00,192.50,600
AABS,15-Apr-2019,187.20,201.89,187.20,195.00,400
AABS,16-Apr-2019,193.05,204.20,193.05,198.63,200
AABS,17-Apr-2019,195.51,204.99,193.00,195.50,800
AABS,18-Apr-2019,195.50,195.50,195.50,195.50,100
AABS,19-Apr-2019,201.00,201.48,201.00,201.24,200
AABS,22-Apr-2019,204.40,204.73,204.40,204.57,200
AABS,23-Apr-2019,195.00,195.00,194.35,194.35,1100
AABS,24-Apr-2019,190.51,193.00,185.00,193.00,1600
AABS,25-Apr-2019,189.00,192.00,186.00,186.50,1000
AABS,26-Apr-2019,182.56,195.82,182.56,194.61,2200
AABS,29-Apr-2019,195.00,199.88,195.00,197.45,300
AABS,30-Apr-2019,196.10,202.90,196.10,202.45,400
AABS,02-May-2019,195.00,195.00,195.00,195.00,500
AABS,03-May-2019,188.10,188.26,188.10,188.26,300
AABS,06-May-2019,188.26,188.26,188.26,188.26,100
AABS,07-May-2019,182.50,192.75,182.50,187.63,200
AABS,09-May-2019,187.05,192.00,181.20,190.14,2200
AABS,13-May-2019,190.14,190.14,190.14,190.14,25100
AABS,14-May-2019,190.14,190.14,190.14,190.14,100
AABS,17-May-2019,186.00,186.00,186.00,186.00,200
AABS,20-May-2019,194.50,194.98,194.50,194.74,200
AABS,21-May-2019,191.00,204.40,185.10,204.40,200400
AABS,22-May-2019,205.00,205.00,194.18,195.05,1400
AABS,23-May-2019,186.00,199.94,186.00,192.97,100100
AABS,24-May-2019,187.70,194.87,187.70,191.29,600200
AABS,27-May-2019,182.30,186.99,181.73,186.99,468200
AABS,29-May-2019,185.00,186.00,185.00,186.00,300
AABS,03-Jun-2019,183.50,186.98,183.50,185.74,300
AABS,10-Jun-2019,182.10,191.90,182.10,191.90,400
AABS,11-Jun-2019,188.00,189.48,184.02,189.47,300900
AABS,12-Jun-2019,185.10,193.48,185.10,191.74,500
AABS,13-Jun-2019,180.15,189.70,180.15,189.63,400
AABS,14-Jun-2019,189.63,189.63,189.63,189.63,100
AABS,17-Jun-2019,180.25,189.60,180.25,186.84,1400
AABS,18-Jun-2019,185.00,185.00,185.00,185.00,500
AABS,19-Jun-2019,180.10,191.90,180.10,185.00,900
AABS,20-Jun-2019,180.10,189.97,180.10,189.97,400
AABS,21-Jun-2019,181.00,196.40,181.00,192.95,1400
AABS,24-Jun-2019,192.95,192.95,192.95,192.95,100
AABS,26-Jun-2019,187.00,188.00,187.00,187.50,200
AABS,27-Jun-2019,190.00,190.00,186.00,187.97,400
AABS,28-Jun-2019,180.10,188.98,180.10,188.98,400
AABS,01-Jul-2019,180.01,189.88,180.00,189.82,700
AABS,02-Jul-2019,185.00,189.87,181.10,189.43,500
AABS,03-Jul-2019,181.35,190.00,181.35,189.50,600
AABS,05-Jul-2019,185.00,189.40,180.10,189.40,500
AABS,08-Jul-2019,185.01,185.01,185.00,185.01,200
AABS,10-Jul-2019,180.10,191.90,180.10,191.90,30400
AABS,12-Jul-2019,185.00,185.01,185.00,185.00,700
AABS,15-Jul-2019,180.00,180.00,180.00,180.00,700
AABS,16-Jul-2019,172.20,186.90,172.20,186.90,400
AABS,17-Jul-2019,178.00,183.99,178.00,181.61,900
AABS,18-Jul-2019,173.50,189.97,173.50,189.97,400
AABS,19-Jul-2019,189.97,189.97,189.97,189.97,300
AABS,22-Jul-2019,180.50,198.70,180.50,184.92,1100
AABS,24-Jul-2019,186.00,190.00,186.00,189.40,3000
AABS,29-Jul-2019,192.49,192.49,191.50,191.50,600
AABS,30-Jul-2019,195.00,195.00,192.00,192.50,1100
AABS,31-Jul-2019,199.00,199.00,192.50,192.50,600
AABS,01-Aug-2019,197.95,197.95,192.51,195.23,600
AABS,02-Aug-2019,200.00,200.00,200.00,200.00,500
AABS,05-Aug-2019,195.02,199.97,195.02,197.50,200
AABS,06-Aug-2019,199.88,199.88,199.88,199.88,200
AABS,07-Aug-2019,196.21,198.88,196.21,197.69,400
AABS,09-Aug-2019,185.19,185.19,185.19,185.19,100
AABS,16-Aug-2019,180.00,180.01,177.00,179.00,500
AABS,19-Aug-2019,179.36,182.00,179.36,180.44,1200
AABS,20-Aug-2019,171.61,189.45,171.61,183.28,1300
AABS,21-Aug-2019,191.00,191.00,180.00,182.85,41100
AABS,22-Aug-2019,188.90,188.90,183.50,188.00,1900
AABS,23-Aug-2019,180.01,191.97,179.00,189.91,1300
AABS,27-Aug-2019,187.00,187.00,186.99,187.00,600
AABS,28-Aug-2019,187.00,191.99,187.00,189.50,200
AABS,03-Sep-2019,182.00,186.90,180.12,180.56,1100
AABS,04-Sep-2019,180.56,180.56,180.56,180.56,500
AABS,05-Sep-2019,183.01,183.01,183.00,183.00,1000
AABS,12-Sep-2019,185.00,185.20,185.00,185.10,200
AABS,13-Sep-2019,180.00,194.34,180.00,194.00,2800
AABS,16-Sep-2019,192.00,193.00,192.00,193.00,600
AABS,17-Sep-2019,196.50,197.00,195.00,195.00,1800
AABS,18-Sep-2019,197.00,202.00,197.00,199.00,1300
AABS,19-Sep-2019,201.89,201.89,200.00,200.50,1000
AABS,20-Sep-2019,205.00,208.00,205.00,207.83,800
AABS,23-Sep-2019,207.00,208.99,205.00,205.50,400
AABS,24-Sep-2019,205.50,206.99,200.00,203.50,4500
AABS,25-Sep-2019,200.10,200.10,200.00,200.00,1800
AABS,26-Sep-2019,198.00,198.00,198.00,198.00,200
AABS,27-Sep-2019,199.99,202.00,199.99,202.00,300
AABS,02-Oct-2019,200.00,204.00,200.00,202.00,300
AABS,04-Oct-2019,205.00,205.00,200.00,202.00,300
AABS,08-Oct-2019,202.01,202.01,202.00,202.00,1800
AABS,09-Oct-2019,198.50,198.50,198.50,198.50,1000
AABS,10-Oct-2019,202.00,202.00,198.49,198.50,1700
AABS,11-Oct-2019,201.00,203.00,201.00,202.00,600
AABS,14-Oct-2019,202.00,202.00,201.00,201.00,300
AABS,15-Oct-2019,202.00,202.00,198.50,198.50,1100
AABS,16-Oct-2019,200.00,203.00,199.00,199.00,2900
AABS,17-Oct-2019,201.00,202.00,196.50,198.51,2700
AABS,21-Oct-2019,200.50,200.50,200.50,200.50,2000
AABS,23-Oct-2019,200.00,200.00,200.00,200.00,500
AABS,24-Oct-2019,200.01,200.50,200.01,200.50,700
AABS,25-Oct-2019,209.00,209.00,205.00,205.00,900
AABS,28-Oct-2019,194.75,209.98,194.75,208.00,900
AABS,29-Oct-2019,207.00,207.00,207.00,207.00,200
AABS,30-Oct-2019,207.00,207.00,207.00,207.00,100
AABS,31-Oct-2019,210.00,211.50,210.00,210.81,4900
AABS,01-Nov-2019,211.00,211.00,211.00,211.00,1000
AABS,04-Nov-2019,215.00,216.00,214.00,214.00,1100
AABS,05-Nov-2019,215.00,223.50,215.00,220.00,4000
AABS,06-Nov-2019,220.00,220.50,219.99,220.00,4000
AABS,07-Nov-2019,230.50,230.50,225.00,226.00,2200
AABS,08-Nov-2019,222.00,237.30,222.00,226.93,2500
AABS,11-Nov-2019,228.00,234.00,227.00,229.25,3000
AABS,12-Nov-2019,223.30,223.30,223.26,223.27,600
AABS,13-Nov-2019,233.40,234.43,230.00,232.00,3700
AABS,14-Nov-2019,232.00,234.00,230.00,232.50,800
AABS,15-Nov-2019,242.00,242.00,227.00,235.00,900
AABS,18-Nov-2019,234.00,234.00,230.15,233.25,500
AABS,19-Nov-2019,233.00,233.00,230.00,231.00,2200
AABS,20-Nov-2019,221.00,242.55,221.00,237.30,6400
AABS,21-Nov-2019,248.00,248.00,238.52,240.50,1400
AABS,22-Nov-2019,240.00,243.45,240.00,241.73,200
AABS,25-Nov-2019,241.99,248.90,240.00,240.00,1700
AABS,26-Nov-2019,238.01,238.01,232.02,233.75,3300
AABS,28-Nov-2019,240.00,240.00,233.01,234.00,4900
AABS,29-Nov-2019,240.00,240.00,238.00,238.00,2400
AABS,02-Dec-2019,231.98,235.00,230.00,232.30,11100
AABS,03-Dec-2019,232.00,233.00,228.00,228.35,16700
AABS,04-Dec-2019,230.00,231.25,230.00,231.25,600
AABS,05-Dec-2019,230.00,230.00,228.51,229.50,1400
AABS,06-Dec-2019,230.00,239.80,230.00,238.65,2600
AABS,09-Dec-2019,235.00,235.00,231.10,232.37,1900
AABS,10-Dec-2019,230.00,234.00,230.00,232.00,2700
AABS,11-Dec-2019,231.00,235.00,230.00,234.55,600
AABS,12-Dec-2019,235.00,242.10,235.00,241.51,1500
AABS,13-Dec-2019,236.00,245.00,236.00,244.48,6400
AABS,16-Dec-2019,245.00,247.00,245.00,246.50,9100
AABS,17-Dec-2019,249.00,249.00,240.01,247.00,7000
AABS,18-Dec-2019,242.00,248.89,242.00,246.00,800
AABS,19-Dec-2019,242.50,248.48,240.00,242.81,2500
AABS,20-Dec-2019,240.00,240.00,240.00,240.00,1200
AABS,23-Dec-2019,245.00,245.00,243.89,244.90,1100
AABS,24-Dec-2019,234.04,241.00,234.04,241.00,1200
AABS,26-Dec-2019,240.00,243.00,238.00,238.31,5000
AABS,27-Dec-2019,239.02,242.99,239.02,240.18,2800
AABS,30-Dec-2019,247.99,252.18,247.99,251.99,23400
AABS,31-Dec-2019,257.77,264.58,253.00,261.18,18300
AABS,01-Jan-2020,251.01,260.49,250.00,258.99,10700
AABS,02-Jan-2020,260.00,262.85,255.00,257.21,14100
AABS,03-Jan-2020,257.50,257.50,251.99,255.86,13800
AABS,06-Jan-2020,255.00,255.00,251.02,251.35,6300
AABS,07-Jan-2020,253.00,263.91,253.00,263.91,12000
AABS,08-Jan-2020,268.00,268.90,260.01,261.72,9600
AABS,09-Jan-2020,270.00,271.00,265.00,268.64,5500
AABS,10-Jan-2020,265.50,267.90,261.01,267.49,8000
AABS,13-Jan-2020,272.30,272.50,259.73,264.00,14800
AABS,14-Jan-2020,263.98,264.00,261.00,262.32,14000
AABS,15-Jan-2020,262.95,265.99,262.32,262.50,4600
AABS,16-Jan-2020,262.50,262.50,249.38,252.34,27700
AABS,17-Jan-2020,215.10,229.00,213.10,221.09,7000
AABS,20-Jan-2020,224.89,224.89,220.58,221.00,1500
AABS,21-Jan-2020,222.99,227.00,222.99,224.14,3000
AABS,22-Jan-2020,225.10,226.00,224.99,225.00,1700
AABS,23-Jan-2020,225.16,227.89,225.16,227.00,2300
AABS,24-Jan-2020,227.21,229.00,227.00,228.27,900
AABS,27-Jan-2020,228.00,228.00,226.00,226.01,700
AABS,28-Jan-2020,220.11,228.00,220.11,228.00,1700
AABS,29-Jan-2020,226.00,226.00,222.00,224.45,3600
AABS,30-Jan-2020,220.00,224.00,220.00,224.00,500
AABS,31-Jan-2020,223.00,224.48,223.00,224.40,600
AABS,03-Feb-2020,219.91,220.00,219.50,219.88,1600
AABS,04-Feb-2020,225.49,225.49,225.00,225.33,300
AABS,07-Feb-2020,226.99,226.99,217.00,217.05,2100
AABS,10-Feb-2020,220.00,225.19,220.00,225.19,2200
AABS,13-Feb-2020,229.00,229.00,224.90,224.90,600
AABS,17-Feb-2020,220.01,220.01,220.00,220.00,2000
AABS,18-Feb-2020,220.00,220.00,216.02,216.02,1100
AABS,19-Feb-2020,212.15,220.00,212.15,216.08,10400
AABS,20-Feb-2020,220.00,220.00,220.00,220.00,2000
AABS,21-Feb-2020,219.00,219.00,219.00,219.00,200
AABS,25-Feb-2020,215.00,215.00,207.50,207.51,900
AABS,26-Feb-2020,218.00,218.00,218.00,218.00,200
AABS,27-Feb-2020,205.00,214.00,205.00,213.56,1100
AABS,28-Feb-2020,212.00,212.00,205.12,205.12,700
AABS,02-Mar-2020,205.12,205.12,205.12,205.12,100
AABS,03-Mar-2020,216.90,216.90,215.00,215.00,1100
AABS,04-Mar-2020,215.00,215.00,214.00,214.50,1200
AABS,06-Mar-2020,203.00,205.10,203.00,204.05,200
AABS,09-Mar-2020,202.60,204.98,198.90,204.25,3600
AABS,10-Mar-2020,205.01,205.01,204.00,204.00,1300
AABS,11-Mar-2020,204.00,204.00,204.00,204.00,500
AABS,12-Mar-2020,190.12,197.00,190.12,196.33,500
AABS,13-Mar-2020,196.33,196.33,196.33,196.33,100
AABS,16-Mar-2020,186.00,199.00,186.00,195.00,300
AABS,17-Mar-2020,195.00,195.00,190.00,190.00,1300
AABS,18-Mar-2020,180.11,189.99,175.75,175.78,1500
AABS,19-Mar-2020,163.00,184.50,162.71,177.20,1200
AABS,20-Mar-2020,185.00,185.00,175.00,181.33,1100
AABS,24-Mar-2020,172.00,172.50,172.00,172.50,800
AABS,25-Mar-2020,175.00,175.00,175.00,175.00,200
AABS,26-Mar-2020,180.00,180.00,175.00,180.00,1100
AABS,30-Mar-2020,180.00,193.50,180.00,187.51,4600
AABS,31-Mar-2020,199.89,199.89,197.50,197.75,300
AABS,01-Apr-2020,199.90,201.00,197.00,197.00,600
AABS,02-Apr-2020,200.00,203.00,200.00,200.00,2000
AABS,03-Apr-2020,200.00,205.00,197.00,201.33,2200
AABS,06-Apr-2020,205.00,210.00,205.00,208.25,2100
AABS,08-Apr-2020,208.00,208.00,208.00,208.00,200
AABS,09-Apr-2020,210.50,210.99,210.50,210.91,600
AABS,13-Apr-2020,210.0,210.0,210.0,210.0,500
AABS,14-Apr-2020,214.32,216.3,214.32,216.3,2800
AABS,15-Apr-2020,216.0,216.0,216.0,216.0,700
AABS,16-Apr-2020,213.0,215.9,213.0,214.45,200
AABS,17-Apr-2020,214.5,219.5,214.5,219.25,600
AABS,20-Apr-2020,219.5,219.5,215.0,218.97,700
AABS,21-Apr-2020,218.0,219.9,218.0,218.0,3400
AABS,22-Apr-2020,220.0,220.0,215.5,220.0,1800
AABS,23-Apr-2020,222.0,223.0,220.0,223.0,1400
AABS,24-Apr-2020,224.0,224.0,224.0,223.0,100
AABS,27-Apr-2020,220.0,220.0,220.0,223.0,100
AABS,28-Apr-2020,224.0,239.0,224.0,239.0,2300
AABS,29-Apr-2020,239.0,250.0,230.0,230.0,1100
AABS,30-Apr-2020,235.0,235.0,213.0,231.21,3400
AABS,04-May-2020,230.0,230.01,230.0,230.0,400
AABS,05-May-2020,230.0,230.0,230.0,230.0,100
AABS,06-May-2020,232.0,234.0,232.0,233.0,1400
AABS,07-May-2020,225.0,231.8,225.0,231.53,1100
AABS,08-May-2020,225.1,231.0,225.1,228.05,200
AABS,13-May-2020,225.02,225.02,225.02,228.05,100
AABS,14-May-2020,226.0,230.0,226.0,228.0,200
AABS,15-May-2020,228.0,232.0,228.0,232.0,900
AABS,19-May-2020,232.0,235.0,232.0,235.0,600
AABS,20-May-2020,230.2,230.2,230.2,235.0,100
AABS,21-May-2020,226.5,240.0,226.5,239.33,1700
AABS,28-May-2020,244.99,244.99,235.0,237.49,900
AABS,29-May-2020,244.49,246.0,244.0,245.25,1600
AABS,01-Jun-2020,246.0,247.99,246.0,247.99,400
AABS,02-Jun-2020,246.0,248.0,244.01,245.2,1500
AABS,03-Jun-2020,245.2,246.5,245.0,245.0,3600
AABS,08-Jun-2020,245.0,247.0,245.0,245.5,1300
AABS,09-Jun-2020,245.5,247.0,245.5,247.0,500
AABS,10-Jun-2020,248.0,249.85,248.0,249.06,2700
AABS,11-Jun-2020,242.56,243.0,241.0,242.01,1600
AABS,12-Jun-2020,242.01,242.01,242.01,242.01,100
AABS,15-Jun-2020,233.1,240.0,233.1,236.55,300
AABS,16-Jun-2020,236.56,237.0,236.2,236.21,4700
AABS,17-Jun-2020,236.31,236.31,230.0,235.65,1200
AABS,18-Jun-2020,235.65,235.65,235.65,235.65,100
AABS,19-Jun-2020,235.05,235.05,235.0,235.03,200
AABS,22-Jun-2020,0.0,236.93,236.4125,236.4125,100
AABS,23-Jun-2020,238.0,238.0,235.5,236.25,300
AABS,24-Jun-2020,238.0,238.0,238.0,236.25,100
AABS,25-Jun-2020,237.0,237.0,234.99,234.99,800
AABS,29-Jun-2020,242.0,252.61,233.03,250.31,5200
AABS,30-Jun-2020,250.0,269.08,249.99,262.59,4500
AABS,01-Jul-2020,260.0,260.0,257.0,258.0,800
AABS,02-Jul-2020,260.0,261.0,258.0,258.0,1800
AABS,03-Jul-2020,258.1,258.1,258.0,258.03,300
AABS,06-Jul-2020,258.0,258.0,250.0,250.0,500
AABS,07-Jul-2020,250.5,250.5,250.0,250.0,500
AABS,08-Jul-2020,250.63,251.1,250.0,250.5,1800
AABS,09-Jul-2020,253.41,254.95,253.41,253.72,500
AABS,10-Jul-2020,250.0,253.41,250.0,250.01,400
AABS,13-Jul-2020,256.89,256.89,256.89,256.89,100
AABS,14-Jul-2020,256.89,256.89,256.89,256.89,400
AABS,15-Jul-2020,256.89,256.89,256.89,256.89,200
AABS,16-Jul-2020,259.99,260.0,257.0,257.0,1500
AABS,17-Jul-2020,260.0,260.0,257.0,257.0,200
AABS,20-Jul-2020,261.0,261.0,261.0,261.0,1000
AABS,21-Jul-2020,262.0,265.0,262.0,263.01,1900
AABS,22-Jul-2020,263.1,263.1,261.01,261.01,300
AABS,23-Jul-2020,263.99,263.99,261.01,261.16,1200
AABS,24-Jul-2020,259.6,259.6,259.0,259.0,600
AABS,27-Jul-2020,267.89,270.0,260.0,270.0,73900
AABS,28-Jul-2020,275.0,282.0,275.0,282.0,4700
AABS,29-Jul-2020,303.15,303.15,285.01,303.15,35200
AABS,30-Jul-2020,310.0,325.88,307.9,325.88,37500
AABS,03-Aug-2020,315.2,350.32,315.2,350.32,35000
AABS,04-Aug-2020,360.0,370.0,340.01,347.0,13600
AABS,05-Aug-2020,350.01,355.0,338.0,354.18,8000
AABS,06-Aug-2020,332.0,355.0,331.0,348.97,5900
AABS,07-Aug-2020,327.0,346.5,327.0,342.23,10000
AABS,10-Aug-2020,346.99,360.0,346.99,351.58,12100
AABS,11-Aug-2020,327.0,339.99,305.01,309.77,10000
AABS,12-Aug-2020,306.01,313.0,305.75,308.6,4500
AABS,13-Aug-2020,306.0,313.0,305.0,309.19,3400
AABS,17-Aug-2020,310.0,321.0,310.0,319.0,5100
AABS,18-Aug-2020,320.0,324.0,318.0,318.0,5700
AABS,19-Aug-2020,318.0,318.0,315.0,317.73,6300
AABS,20-Aug-2020,310.1,318.0,310.1,317.0,3400
AABS,24-Aug-2020,317.0,317.0,317.0,317.0,100
AABS,25-Aug-2020,316.0,318.0,314.0,314.05,2900
AABS,26-Aug-2020,314.05,320.0,314.05,319.7,2300
AABS,27-Aug-2020,320.0,320.9,314.0,320.5,2400
AABS,31-Aug-2020,320.5,321.4,320.0,320.36,1700
AABS,01-Sep-2020,321.0,321.0,320.0,320.0,200
AABS,02-Sep-2020,337.0,337.0,333.0,333.0,200
AABS,03-Sep-2020,319.0,321.0,319.0,320.28,2400
AABS,04-Sep-2020,316.0,316.0,311.01,311.52,1700
AABS,07-Sep-2020,311.52,311.52,309.0,309.26,1500
AABS,08-Sep-2020,315.0,318.0,315.0,318.0,40500
AABS,09-Sep-2020,318.01,320.0,309.0,314.0,103100
AABS,10-Sep-2020,315.0,318.0,315.0,318.0,1000
AABS,11-Sep-2020,339.1,339.1,320.0,320.0,300
AABS,14-Sep-2020,319.0,319.0,311.0,315.0,700
AABS,15-Sep-2020,319.0,319.0,316.02,316.02,700
AABS,16-Sep-2020,316.02,316.05,316.02,316.05,600
AABS,17-Sep-2020,316.05,316.05,308.0,310.0,25700
AABS,18-Sep-2020,317.0,317.0,317.0,317.0,100
AABS,21-Sep-2020,317.0,317.65,316.0,317.65,2400
AABS,22-Sep-2020,317.65,317.65,311.0,312.0,500
AABS,23-Sep-2020,320.0,320.0,319.7,320.0,1000
AABS,24-Sep-2020,320.0,320.0,320.0,320.0,600
AABS,28-Sep-2020,310.0,315.0,310.0,315.0,400
AABS,29-Sep-2020,315.0,315.0,313.0,313.0,500
AABS,30-Sep-2020,316.0,318.0,316.0,318.0,200
AABS,01-Oct-2020,294.16,310.0,294.16,309.25,1700
AABS,02-Oct-2020,310.0,310.0,310.0,310.0,100
AABS,05-Oct-2020,295.0,302.0,295.0,296.0,1400
AABS,06-Oct-2020,286.05,295.0,286.0,291.33,1900
AABS,07-Oct-2020,292.0,296.1,291.33,296.1,500
AABS,08-Oct-2020,304.0,304.0,297.0,297.33,1200
AABS,09-Oct-2020,299.0,302.0,298.5,301.34,1500
AABS,12-Oct-2020,304.99,313.0,300.0,300.13,4100
AABS,13-Oct-2020,305.0,305.0,301.0,301.0,1000
AABS,14-Oct-2020,301.0,305.99,301.0,302.25,500
AABS,15-Oct-2020,301.0,301.0,301.0,301.0,200
AABS,16-Oct-2020,310.0,323.57,310.0,315.0,2700
AABS,19-Oct-2020,315.01,315.01,315.0,315.0,400
AABS,20-Oct-2020,316.01,316.01,315.0,315.53,500
AABS,21-Oct-2020,324.0,328.0,324.0,328.0,600
AABS,22-Oct-2020,325.0,352.5,320.01,334.7,8900
AABS,23-Oct-2020,330.0,359.8,326.0,342.09,3100
AABS,26-Oct-2020,364.74,364.74,349.0,351.0,1300
AABS,27-Oct-2020,340.0,349.99,340.0,349.99,1100
AABS,28-Oct-2020,350.0,350.0,349.99,350.0,3200
AABS,29-Oct-2020,330.0,340.0,325.11,339.56,4900
AABS,02-Nov-2020,354.0,354.0,327.0,327.0,2600
AABS,03-Nov-2020,340.0,340.0,335.0,339.0,600
AABS,04-Nov-2020,340.0,340.0,340.0,340.0,200
AABS,05-Nov-2020,335.0,340.0,335.0,340.0,2200
AABS,06-Nov-2020,0.0,331.0,331.0,340.0,100
AABS,09-Nov-2020,349.9,350.0,341.0,341.0,1400
AABS,10-Nov-2020,340.0,340.0,340.0,340.0,200
AABS,11-Nov-2020,340.0,340.0,340.0,340.0,300
AABS,12-Nov-2020,338.0,338.0,330.0,332.5,1200
AABS,13-Nov-2020,335.0,335.0,335.0,332.5,200
AABS,16-Nov-2020,336.0,336.0,336.0,336.0,200
AABS,18-Nov-2020,335.0,335.0,332.0,333.0,1000
AABS,19-Nov-2020,332.0,332.0,332.0,332.0,100
AABS,20-Nov-2020,330.0,330.0,330.0,330.0,1800
AABS,23-Nov-2020,0.0,331.0,331.0,330.0,100
AABS,24-Nov-2020,335.0,335.0,330.0,330.0,800
AABS,25-Nov-2020,326.0,335.0,326.0,331.43,2000
AABS,26-Nov-2020,345.0,345.0,332.01,333.01,500
AABS,27-Nov-2020,339.51,339.51,339.51,339.51,100
AABS,01-Dec-2020,340.0,340.75,340.0,340.5,900
AABS,02-Dec-2020,340.5,341.0,332.0,333.5,2000
AABS,03-Dec-2020,339.0,339.0,339.0,339.0,100
AABS,04-Dec-2020,334.0,345.0,334.0,345.0,400
AABS,07-Dec-2020,344.0,344.0,344.0,344.0,100
AABS,08-Dec-2020,344.99,344.99,344.99,344.99,100
AABS,09-Dec-2020,343.0,343.0,343.0,343.0,200
AABS,10-Dec-2020,345.0,345.0,344.0,344.0,400
AABS,11-Dec-2020,341.0,341.0,335.0,335.0,2000
AABS,14-Dec-2020,340.0,345.0,335.0,337.54,11000
AABS,15-Dec-2020,345.0,345.0,345.0,345.0,165200
AABS,16-Dec-2020,344.0,344.0,336.0,338.17,3200
AABS,17-Dec-2020,341.99,349.89,341.99,349.22,1000
AABS,18-Dec-2020,351.0,363.0,351.0,362.75,3000
AABS,21-Dec-2020,365.0,371.0,360.1,365.0,1200
AABS,22-Dec-2020,369.3,369.3,363.01,363.01,600
AABS,23-Dec-2020,360.5,360.5,350.6,359.0,4700
AABS,24-Dec-2020,360.0,362.49,332.08,332.08,14700
AABS,28-Dec-2020,332.25,332.25,315.0,322.83,11800
AABS,29-Dec-2020,317.1,324.0,317.03,323.0,4400
AABS,30-Dec-2020,325.0,329.89,325.0,327.0,900
AABS,31-Dec-2020,327.5,336.0,327.5,335.97,2900
AABS,01-Jan-2021,349.0,349.0,336.01,341.73,1400
AABS,04-Jan-2021,340.0,340.0,340.0,340.0,3100
AABS,05-Jan-2021,340.0,340.01,340.0,340.0,3500
AABS,06-Jan-2021,340.0,342.0,340.0,341.55,5200
AABS,07-Jan-2021,341.55,341.55,341.0,341.0,800
AABS,08-Jan-2021,341.0,342.95,341.0,341.0,2700
AABS,11-Jan-2021,340.0,340.0,340.0,340.0,4600
AABS,12-Jan-2021,340.0,354.85,340.0,353.99,4700
AABS,13-Jan-2021,352.0,355.0,350.0,351.3,1300
AABS,14-Jan-2021,351.0,360.0,350.0,360.0,5200
AABS,15-Jan-2021,360.0,360.0,360.0,360.0,500
AABS,18-Jan-2021,360.0,370.0,360.0,364.25,2600
AABS,20-Jan-2021,330.25,354.25,330.25,349.0,10600
AABS,21-Jan-2021,348.01,348.01,348.0,348.0,600
AABS,22-Jan-2021,348.0,348.0,348.0,348.0,300
AABS,25-Jan-2021,0.0,348.0,348.0,348.0,200
AABS,26-Jan-2021,350.0,351.99,350.0,351.99,2600
AABS,27-Jan-2021,350.51,357.99,350.5,351.0,4100
AABS,28-Jan-2021,348.99,352.0,348.99,350.78,3400
AABS,01-Feb-2021,352.0,352.0,350.0,350.0,1200
AABS,02-Feb-2021,350.0,350.0,349.98,349.98,200
AABS,03-Feb-2021,345.05,350.0,345.0,350.0,1100
AABS,04-Feb-2021,345.2,350.0,345.2,350.0,200
AABS,08-Feb-2021,350.0,350.25,350.0,350.25,1000
AABS,09-Feb-2021,350.1,350.25,350.0,350.0,5500
AABS,11-Feb-2021,345.0,345.0,345.0,345.0,200
AABS,12-Feb-2021,345.0,345.0,345.0,345.0,100
AABS,15-Feb-2021,345.0,348.0,345.0,345.0,400
AABS,16-Feb-2021,350.0,350.0,345.0,350.0,200
AABS,17-Feb-2021,350.0,355.0,350.0,354.3,1900
AABS,22-Feb-2021,352.5,352.5,352.0,352.0,200
AABS,23-Feb-2021,360.0,360.0,352.0,352.0,400
AABS,24-Feb-2021,350.0,352.0,350.0,350.0,2000
AABS,25-Feb-2021,355.0,355.0,355.0,355.0,100
AABS,26-Feb-2021,0.0,355.0,355.0,355.0,100
AABS,01-Mar-2021,355.0,355.0,350.0,351.0,3600
AABS,02-Mar-2021,325.1,352.0,325.1,352.0,3100
AABS,03-Mar-2021,352.0,352.0,352.0,352.0,300
AABS,04-Mar-2021,349.0,349.0,348.89,348.89,400
AABS,05-Mar-2021,348.0,348.9,340.0,348.9,700
